Car unique id,first online date,car sold on date,manufacturer,model,fuel_type,buy price,last available online price,External market reference price
1234768090,2024-10-17,2024-11-18,Volkswagen,T6 Multivan,Diesel,35031,43688,43895
1258374660,2024-11-26,,MINI,MINI,Benzin,11504,16623,15321
1272940076,2024-10-01,2024-12-07,Mitsubishi,Eclipse Cross,Benzin,13899,18422,17831
1275633463,2024-09-20,2024-11-05,Ford,Fiesta,Benzin,8522,13727,13294
1248774080,2024-11-05,,BMW,X1,Benzin,11564,16594,16781
1281970904,2024-10-23,2025-01-09,Volkswagen,Golf VII Sportsvan,Benzin,11355,15998,16100
1264815056,2024-11-13,2024-12-06,Dacia,Sandero,Benzin,8855,13709,14956
1272677082,2024-10-18,2024-12-10,Seat,Ibiza,Benzin,10024,11265,11826
1283265418,2024-11-26,,MINI,MINI,Benzin,8894,14655,16020
1278123756,2024-10-11,2024-12-12,Skoda,Rapid Spaceback,Benzin,,12623,14067
1278387172,2024-09-18,2024-11-28,Opel,Mokka,Benzin,8368,13372,14021
1279481305,2024-10-24,2024-10-29,Volkswagen,T-Cross,Benzin,12911,19737,20430
1279969840,2024-10-07,2024-11-26,BMW,3er,Diesel,19285,22995,23601
1280126127,2024-11-14,2024-11-26,Toyota,Yaris,Benzin,11815,14259,16263
1280143414,2024-12-12,,Volkswagen,Golf VII Sportsvan,Benzin,7172,10638,10191
1280162880,2024-09-26,,Ford,Grand C-Max,Benzin,7102,10780,10807
1278764435,2024-12-21,,Audi,A3,Hybrid,25419,29014,31063
1280864289,2024-10-28,2024-11-11,Renault,Megane,Benzin,10457,16196,17438
1279504442,2024-09-12,,BMW,4er,Benzin,14492,21586,
1281005787,2024-11-05,,Opel,Mokka X,Benzin,8677,12890,13092
1281991434,2024-11-15,,Volkswagen,Golf VII,Benzin,8341,11024,12734
1278860130,2024-10-14,2025-01-06,Seat,Ibiza,Benzin,10650,13378,13137
1280638400,2024-10-14,,Fiat,500C,Benzin,4570,9902,8773
1282028668,2024-11-01,2024-12-23,Volkswagen,Golf VII,Diesel,12767,18876,19331
1279301591,2024-11-29,,Seat,Ibiza,Benzin,8833,14079,12687
1279956782,2024-11-05,,Seat,Ibiza,Benzin,8377,12529,10806
1280106862,2024-10-25,,Volkswagen,up!,Benzin,6284,8147,7709
1281768645,2024-12-18,,Opel,Astra,Benzin,9239,11417,11454
1282265734,2024-12-09,2024-12-11,Hyundai,i20,Benzin,7907,14839,14163
1280391577,2024-11-19,,Seat,Leon,Benzin,16735,22654,24225
1280731433,2024-12-05,,BMW,2er,Benzin,11658,16144,15572
1280182415,2024-09-24,2024-12-16,Volkswagen,Golf VII,Benzin,19242,21336,20869
1284295015,2024-12-19,,Volkswagen,Golf VII,Benzin,8478,14330,14571
1284618205,2024-12-13,2024-12-16,Mazda,CX-5,Benzin,25481,31520,32302
1281000154,2024-10-17,2024-11-14,Skoda,Octavia,Diesel,11377,16337,15382
1284570591,2025-01-08,,Opel,Grandland X,Benzin,9844,13524,12165
1277924797,2024-09-13,2024-12-09,Skoda,Karoq,Diesel,18134,18559,18328
1281268346,2024-10-15,,Citroen,C1,Benzin,6835,8916,7785
1281249671,2024-10-18,2024-10-24,Mercedes-Benz,E-Klasse,Benzin,21353,29309,29379
1267318813,2024-11-06,2024-11-07,Mercedes-Benz,GLC-Klasse,Benzin,26892,33601,33850
1277802092,2024-09-19,2024-10-08,Volkswagen,Passat,Diesel,14966,21250,20980
1282104640,2024-11-19,,Volkswagen,T-Roc,Diesel,15303,19499,19516
1282067571,2024-12-03,,Mercedes-Benz,CLA-Klasse,Benzin,12819,21072,19321
1279093485,2024-10-02,2024-11-20,Mercedes-Benz,GLC-Klasse,Diesel,21078,27515,28315
1283080347,2024-12-03,,MINI,MINI,Benzin,9046,14248,15052
1282758415,2024-11-28,2024-12-13,Audi,A4,Diesel,14154,20230,19265
1279154873,2024-10-01,2024-12-16,Audi,Q3,Diesel,19204,23123,22741
1277312575,2024-10-25,2024-12-06,Fiat,500,Benzin,7292,10820,10145
1277919693,2025-01-08,,Volkswagen,Caddy,Diesel,21608,30840,31231
1277520992,2024-09-12,2024-09-16,Opel,Crossland X,Benzin,9438,11480,12266
1280417718,2024-10-02,2024-10-04,Opel,Crossland X,Benzin,8081,13598,14554
1278469361,2024-11-15,,BMW,1er,Benzin,15487,21329,23143
1283782075,2024-12-06,,Skoda,Fabia,Benzin,3917,9452,8349
1279310750,2024-09-23,2024-12-03,Mercedes-Benz,A-Klasse,Diesel,22145,23195,23203
1280315351,2024-10-24,2024-12-03,BMW,4er,Benzin,17013,21478,22209
1280149501,2024-10-01,,MINI,MINI,Benzin,15584,19976,18882
1278965058,2024-09-14,2024-11-27,Opel,Astra,Benzin,9090,12040,10011
1281723747,2024-12-03,2024-12-30,Opel,Karl,Benzin,6099,11005,13479
1280074628,2024-09-19,2024-09-30,Skoda,Fabia,Benzin,8627,11930,12477
1280346262,2024-11-20,,Dacia,Sandero,Benzin,8777,12337,14062
1279585595,2024-09-24,2024-11-21,Mazda,CX-5,Diesel,13046,14315,13767
1279868459,2024-12-09,,Honda,HR-V,Benzin,11798,17432,17620
1280344140,2024-09-24,2024-09-25,Citroen,Berlingo,Benzin,16834,22984,23610
1281833392,2024-10-30,2024-11-15,Seat,Arona,Benzin,7703,12523,11765
1276437825,2024-09-30,2024-12-17,Audi,Q5,Diesel,24704,26901,28323
1280585109,2024-11-04,,Renault,Kadjar,Benzin,14313,16138,17255
1281482529,2024-11-04,,Fiat,500,Benzin,8748,13857,14435
1282495737,2024-12-04,,Hyundai,i20,Benzin,5296,9302,8727
1282671380,2024-11-14,,Volkswagen,up!,Benzin,9601,12432,11529
1281876310,2024-10-30,2024-11-20,BMW,1er,Benzin,15535,18798,20604
1282626420,2024-11-18,2025-01-03,BMW,3er,Diesel,9242,17066,17786
1238175301,2024-12-13,,BMW,2er,Benzin,15348,20410,21050
1277033704,2024-09-12,2024-12-05,Peugeot,208,Benzin,9155,11844,12723
1259495145,2024-12-05,2024-12-09,Suzuki,Jimny,Benzin,20064,24982,26072
1281074520,2024-11-25,,Ford,Kuga,Diesel,16177,19645,20527
1275692883,2024-12-19,,Ford,Puma,Benzin,10643,17221,16181
1279308731,2024-09-17,,Kia,Sportage,Benzin,17658,20946,19248
1280570254,2024-11-04,,Kia,XCeed,Benzin,17721,21117,21525
1282623426,2024-11-19,2024-12-05,Audi,A6,Diesel,19444,24401,25350
1284170431,2025-01-06,,Volkswagen,T-Roc,Benzin,18129,20876,22146
1284299121,2024-12-19,,MINI,Countryman,Benzin,4796,11272,9866
1284555408,2024-12-23,,Fiat,500,Benzin,11126,13704,15606
1280635362,2024-10-26,2024-12-10,Volkswagen,Golf VIII,Hybrid,19959,24506,25117
1281419794,2024-10-24,,Hyundai,i20,Benzin,10331,13862,14501
1281814106,2024-11-07,2024-12-02,Seat,Leon,Benzin,7140,12678,12327
1274205667,2024-10-02,2024-12-02,Volkswagen,Golf VII,Benzin,21277,22703,24071
1279084322,2024-11-01,,Fiat,Tipo,Benzin,3794,10010,9422
1279245240,2024-09-28,2024-12-12,Volkswagen,Tiguan,Benzin,17815,20161,21240
1280584861,2024-10-05,2024-11-12,Kia,Picanto,Benzin,8509,10015,9163
1279684847,2024-09-17,2024-12-05,Volkswagen,Golf VII,Benzin,15633,18466,19971
1280998970,2024-11-07,2024-12-23,Opel,Crossland X,Benzin,9060,14581,15517
1277842706,2024-09-18,2024-09-24,Opel,Astra,Benzin,6748,11711,10806
1281769561,2024-10-29,,Volkswagen,Polo,Benzin,7045,12033,12201
1279175147,2024-10-25,,BMW,2er,Benzin,17418,21630,20742
1279319933,2024-09-19,2024-10-04,Ford,C-Max,Benzin,11460,16064,14589
1275563010,2024-12-13,,BMW,3er,Benzin,22800,29513,31501
1282205930,2024-11-11,,Ford,Kuga,Diesel,16516,20301,21154
1282725169,2024-11-20,,Fiat,500X,Benzin,12328,16333,14746
1280221487,2024-10-04,,Smart,forfour,Benzin,5428,7903,7903
1280457496,2024-10-04,2024-10-11,Seat,Alhambra,Diesel,16716,24304,24200
1280284754,2024-11-06,,Mazda,CX-5,Diesel,13234,18849,20346
1278872112,2024-10-09,2025-01-02,BMW,2er,Diesel,10280,12007,13990
1283367705,2024-11-25,,Volkswagen,Golf VII,Diesel,10083,16744,16650
1284120378,2025-01-02,,Skoda,Fabia,Benzin,5116,9211,8858
1283629304,2024-11-28,,Dacia,Sandero,Benzin,5403,10420,12138
1281219641,2024-10-19,,BMW,1er,Benzin,12127,15513,16534
1277324868,2024-10-24,2024-10-25,Opel,Insignia Sports Tourer,Benzin,10800,15998,18439
1284357346,2025-01-09,,Audi,A3,Benzin,7890,13494,12325
1276420471,2024-10-07,2025-01-10,Skoda,Fabia,Benzin,7440,10857,10344
1281072604,2024-11-15,2025-01-08,Mercedes-Benz,GLC-Klasse,Diesel,36379,42178,40350
1281125219,2024-11-04,2024-11-22,Volkswagen,Golf VII,Benzin,11458,15162,16342
1282924520,2024-11-25,,Volkswagen,Golf VII,Benzin,10144,14042,14158
1281762418,2024-10-30,,BMW,5er,Diesel,28757,32340,33620
1278060217,2024-09-17,2024-11-13,Audi,A1,Benzin,8685,13552,13557
1278180520,2024-10-07,2024-11-07,Ford,Focus,Benzin,8792,13034,13116
1282191036,2024-11-14,,Volkswagen,Golf VII,Benzin,12211,16275,17179
1276230290,2024-09-12,2024-10-17,Opel,Astra,Diesel,10182,16840,18427
1272648702,2024-11-08,,Ford,Focus,Benzin,10864,15516,15829
1280349326,2024-10-31,,Renault,Megane,Diesel,12299,14461,14203
1279069560,2024-12-12,2024-12-18,Skoda,Fabia,Benzin,4297,9775,9516
1283105200,2024-11-28,,Opel,Corsa,Benzin,3797,8534,9385
1282291225,2024-11-29,,Audi,Q5,Diesel,14805,19507,18742
1283023498,2024-11-19,,Ford,EcoSport,Benzin,8690,11465,11587
1284287090,2025-01-07,,Audi,A1,Benzin,14070,19856,21387
1280581545,2025-01-09,,Dacia,Sandero,Benzin,13706,17768,18400
1280302701,2024-10-15,,Toyota,RAV 4,Hybrid,23286,29191,28510
1283280271,2024-11-26,,BMW,7er,Benzin,28861,35239,34496
1279124011,2024-10-23,,Seat,Leon,Benzin,11236,15978,15966
1282537071,2024-11-14,2024-11-21,Audi,A5 Sportback,Diesel,20274,25024,25913
1281443179,2024-11-27,,Suzuki,Vitara,Benzin,10093,14588,15648
1283419637,2024-12-06,,Volkswagen,Golf VII,Benzin,14419,17152,16935
1283712603,2024-12-19,,Volkswagen,Golf VII Sportsvan,Benzin,9747,14101,13887
1283827999,2024-12-06,,Hyundai,Kona,Benzin,18795,25588,26381
1284053874,2025-01-07,,Renault,Megane,Benzin,4737,10647,11116
1284153280,2024-12-30,,Nissan,Juke,Benzin,14402,18702,17416
1280529614,2024-10-16,2024-10-21,Opel,Corsa,Benzin,8734,12302,13828
1280282622,2024-10-09,2024-11-16,Kia,Sportage,Benzin,12569,17771,17636
1276958518,2025-01-03,,Volkswagen,T-Roc,Benzin,17277,23551,22329
1280376930,2024-10-07,2024-12-10,Alfa Romeo,Giulietta,Benzin,13629,16003,15397
1282043451,2024-11-09,,Kia,XCeed,Benzin,16889,21713,20321
1281030776,2024-10-16,2024-12-18,Volkswagen,Polo,Benzin,14668,14795,16280
1282473151,2024-12-24,,Toyota,Yaris,Benzin,9108,12639,11976
1282749321,2024-12-18,,Ford,EcoSport,Benzin,6807,12344,13601
1239905354,2024-09-20,2024-11-28,Seat,Ateca,Diesel,23363,28472,26780
1244227619,2024-12-17,,Audi,A3,Benzin,12467,17512,16229
1241792937,2024-09-17,2024-11-18,Hyundai,Tucson,Benzin,13424,14982,16171
1276881084,2024-09-12,2024-11-11,Opel,Corsa,Benzin,8031,10998,10647
1265507993,2024-12-09,,Ford,S-Max,Benzin,14307,21556,21535
1279578309,2024-09-18,2024-09-23,Audi,Q2,Benzin,15304,19841,19445
1281817162,2024-11-29,2024-12-23,Volvo,V40,Diesel,11322,15624,15382
1282514591,2024-11-18,,Dacia,Duster,Benzin,11848,16513,16286
1254949154,2024-09-16,2024-11-26,BMW,3er,Benzin,27534,30573,30503
1239948772,2024-12-23,2024-12-27,Opel,Corsa,Benzin,9597,11882,12146
1271953050,2024-10-23,2024-12-23,Smart,forfour,Benzin,8018,10750,11155
1282500179,2024-11-22,,Opel,Corsa,Benzin,4614,9307,10502
1274884474,2024-09-24,2024-12-11,BMW,X4,Diesel,35929,38950,38750
1281072675,2024-11-21,2024-12-30,Skoda,Superb,Benzin,16566,21423,21915
1277096394,2024-09-18,2024-09-26,Mercedes-Benz,V-Klasse,Diesel,42502,48760,48590
1276245810,2024-09-19,2025-01-04,Ford,Kuga,Benzin,10585,14217,14084
1283002437,2024-12-23,,Fiat,500,Benzin,5843,7415,9052
1283385785,2024-11-29,,Volkswagen,Golf VII,Benzin,11958,16938,16799
1279970287,2024-09-23,2024-10-05,Audi,A3 Limousine,Benzin,22983,30395,31245
1280153141,2024-10-19,2024-10-24,MINI,MINI,Benzin,8191,13502,12637
1273902473,2024-12-13,,Volkswagen,T-Cross,Benzin,18501,22223,24121
1277817324,2024-10-22,2024-11-06,Mercedes-Benz,B-Klasse,Diesel,7869,15331,15518
1279613045,2024-11-05,2024-11-20,Ford,B-Max,Benzin,6687,13243,13975
1281139228,2024-10-23,,Volkswagen,Golf VIII,Diesel,17018,22283,22312
1281532051,2024-11-18,2024-12-19,Renault,Trafic,Diesel,15899,22968,23419
1280494425,2024-11-29,2024-12-02,Opel,Corsa,Benzin,6322,10843,11342
1270978518,2024-10-04,2024-11-11,Skoda,Fabia,Benzin,10420,13959,15959
1278770596,2024-09-12,,BMW,X1,Hybrid,28192,31596,32962
1281908342,2024-11-06,2025-01-03,Opel,Insignia,Benzin,9263,13493,12356
1280233129,2024-11-11,,Volkswagen,Tiguan Allspace,Diesel,23225,29021,28002
1280387761,2024-10-24,,Smart,forfour,Benzin,6734,13040,13421
1283674846,2024-12-05,,BMW,4er,Benzin,14830,21461,20643
1284324671,2025-01-09,,Ford,Fiesta,Benzin,8286,10867,11043
1284714759,2025-01-07,,Volkswagen,T-Roc,Benzin,20953,25098,25704
1281380931,2024-10-28,,Volkswagen,Golf VII,Benzin,12214,16373,16977
1283581827,2024-12-11,,Ford,Kuga,Diesel,20769,26119,26457
1282292212,2024-11-15,2024-11-28,Skoda,Fabia,Benzin,7643,11788,11538
1277131098,2024-11-25,,Opel,Zafira Tourer,Benzin,6796,11481,13095
1279196441,2024-09-21,2024-12-20,Volkswagen,Tiguan,Diesel,22597,23653,23349
1279518667,2024-09-23,2024-12-05,Audi,Q3,Benzin,18512,22214,23466
1283306931,2024-12-04,,Ford,S-Max,Benzin,13749,18698,18671
1282581977,2024-12-19,,Jeep,Grand Cherokee,Diesel,26520,33064,34011
1278916724,2024-09-13,2024-12-14,Kia,Optima,Benzin,15659,20311,20046
1279160155,2024-09-16,2024-11-26,Mercedes-Benz,C-Klasse,Benzin,22863,25911,26292
1284460773,2025-01-08,,Seat,Leon,Benzin,13620,19049,17405
1283714341,2024-12-03,,Audi,A3,Diesel,15237,18640,16791
1272721667,2024-09-26,2024-12-20,Skoda,Kodiaq,Benzin,26351,29967,30253
1278090845,2024-10-30,,Jeep,Renegade,Diesel,9424,14188,15313
1278809244,2024-09-19,2024-09-24,Kia,pro_cee'd,Benzin,16132,21842,24099
1284543598,2024-12-27,,Peugeot,5008,Diesel,14246,19878,22182
1283663503,2024-12-13,2024-12-16,Ford,Mondeo,Diesel,10503,16087,16497
1282965254,2024-12-23,,Mercedes-Benz,C-Klasse,Benzin,21459,27732,27293
1277687445,2024-12-18,,Ford,Mondeo,Benzin,9486,12863,12776
1282508234,2024-11-13,2024-12-09,Fiat,Tipo,Benzin,10867,14591,14252
1273845293,2024-12-04,2024-12-18,Volkswagen,Golf VII,Diesel,12442,14908,14633
1279212603,2024-10-07,2024-10-26,Volkswagen,Touran,Benzin,21400,25720,25374
1274025839,2024-12-05,,Ford,Focus,Benzin,15541,19225,18413
1279716832,2024-12-13,,Kia,Stonic,Benzin,14628,18652,16962
1281635603,2024-10-30,,Jeep,Renegade,Benzin,9474,12216,11959
1280079635,2024-09-25,2024-11-26,Volkswagen,Golf VII,Benzin,13133,16210,15626
1280490260,2024-10-17,,Mazda,CX-3,Benzin,14282,17633,16307
1280797887,2025-01-06,,Opel,Mokka X,Benzin,7707,13485,14421
1280950169,2024-11-09,2024-11-12,Opel,Crossland X,Benzin,9186,12859,13932
1279761170,2024-09-17,2024-11-11,Peugeot,108,Benzin,7616,9557,9217
1282444588,2024-12-19,,Peugeot,3008,Diesel,20479,25846,25789
1283020215,2024-11-29,,Audi,A1,Benzin,10890,16320,16267
1281883209,2024-11-06,,Volkswagen,T-Roc,Benzin,20425,23580,24921
1277472087,2024-10-08,,Skoda,Octavia,Benzin,10573,12537,14080
1277250864,2024-09-30,2024-10-02,Ford,Transit,Diesel,23877,30582,29654
1280726622,2024-10-17,,BMW,2er,Benzin,17392,20415,19998
1282911451,2024-11-22,,Opel,Mokka X,Benzin,16260,21509,22251
1281745558,2024-10-30,2024-12-27,Audi,A1 citycarver,Benzin,16444,19905,20496
1213120269,2024-10-30,2024-11-21,Smart,forfour,Benzin,4240,11097,10316
1275789338,2024-09-24,2024-11-30,Audi,TT,Benzin,23166,24916,25553
1278237972,2024-09-12,2024-11-25,Ford,Focus,Benzin,16170,20390,22326
1280339691,2024-12-14,,Seat,Leon,Benzin,14232,19890,20661
1281072245,2024-10-17,,BMW,5er,Diesel,20813,27455,29177
1284917233,2024-12-19,,Skoda,Kamiq,Benzin,19093,26047,24978
1278720653,2024-09-16,2024-12-05,Peugeot,508,Diesel,16767,22027,21636
1270870853,2024-11-27,,Nissan,Qashqai,Benzin,11401,15758,16564
1262353191,2024-11-26,2024-12-23,BMW,1er,Benzin,22261,28642,29384
1272722155,2024-10-23,,Mercedes-Benz,C-Klasse,Diesel,26888,32197,31077
1275281051,2024-10-16,2024-11-19,BMW,1er,Benzin,12120,16135,16876
1279658026,2024-09-27,2024-12-17,Ford,Kuga,Benzin,10617,13017,11733
1280371155,2024-11-06,,Skoda,Kodiaq,Benzin,22757,28048,26354
1282295412,2024-11-14,,Seat,Leon,Benzin,11211,14436,14291
1279192495,2024-12-06,,Alfa Romeo,Giulia,Benzin,19176,23837,23522
1280270557,2024-10-15,2024-12-02,Dacia,Sandero,Benzin,11374,16525,16455
1278729359,2024-09-20,2024-10-29,Mercedes-Benz,Vito Tourer,Diesel,32033,38240,38707
1277423971,2024-10-02,2024-10-15,Kia,cee'd,Benzin,15951,18202,18159
1278636620,2024-09-17,,Mercedes-Benz,T-Klasse,Diesel,22117,25657,24800
1278857015,2024-11-04,,Skoda,Kodiaq,Benzin,18377,25043,25670
1278172850,2024-10-01,2024-10-08,Skoda,Octavia,Diesel,5990,10691,11163
1275469894,2024-09-17,2024-12-16,Audi,A6,Diesel,26620,27452,27050
1281885954,2024-12-11,2024-12-13,Renault,Clio,Diesel,7653,13631,12417
1279037418,2024-09-18,2024-10-07,Audi,A1,Benzin,13132,18921,18361
1282110205,2024-11-06,,Audi,A5 Sportback,Benzin,30033,35300,34716
1280738996,2024-10-15,,Volkswagen,Golf VII,Benzin,11057,15420,15043
1282831870,2024-12-06,,Smart,forfour,Benzin,12030,16682,17892
1280166283,2024-10-24,,Audi,Q2,Benzin,14369,18682,17606
1279376665,2024-10-09,,Renault,Clio,Benzin,6694,10247,10588
1282999262,2024-11-21,,Fiat,500C,Benzin,7530,12318,11394
1280532089,2024-11-08,2025-01-08,Seat,Leon,Benzin,9058,14548,15320
1284491695,2024-12-18,,Volkswagen,Golf VIII,Benzin,14414,18439,19581
1283951798,2025-01-07,,Hyundai,i10,Benzin,6460,8691,10541
1284270391,2024-12-27,,Volkswagen,Golf VII Sportsvan,Benzin,13090,15325,15074
1253636297,2024-09-26,2025-01-07,BMW,2er,Diesel,24718,26618,24822
1273396017,2024-10-01,2024-10-07,Seat,Alhambra,Diesel,22520,26080,28438
1278480702,2024-09-16,2024-10-07,Volkswagen,Tiguan,Benzin,22911,28595,28560
1281158306,2024-11-28,,BMW,X1,Benzin,12940,18495,18029
1276041837,2024-12-20,,Peugeot,5008,Diesel,20953,26004,26986
1279975181,2024-10-14,2024-11-04,Hyundai,i20,Benzin,7338,11124,9822
1276689593,2024-10-11,2024-11-21,Mercedes-Benz,V-Klasse,Diesel,35408,41219,40332
1282870157,2024-12-23,2024-12-27,Kia,pro_cee'd,Benzin,18778,26036,24850
1281900595,2024-11-04,,Volkswagen,T-Cross,Benzin,16565,19267,20299
1280862624,2024-11-14,2024-11-23,Dacia,Sandero,Benzin,4580,10266,8636
1281263916,2024-10-26,2024-11-04,Opel,Corsa,Benzin,11055,15315,14868
1279108179,2024-09-12,2024-09-16,Opel,Astra,Diesel,5000,11388,9849
1284267161,2024-12-16,,BMW,2er,Diesel,20735,28645,30865
1283685108,2024-12-05,2024-12-09,Smart,fortwo,Benzin,9436,11345,
1280766519,2024-11-04,2025-01-03,Opel,Corsa,Benzin,8560,13128,12987
1280969043,2024-11-21,,BMW,2er,Hybrid,12427,15107,16320
1275908795,2024-12-02,,Jeep,Compass,Diesel,15531,17964,17933
1278872896,2024-09-17,2024-09-21,Audi,Q2,Diesel,16263,23244,22627
1279942105,2024-10-07,,Opel,Insignia Sports Tourer,Diesel,12032,17158,17927
1280595929,2024-10-24,2024-12-11,BMW,5er,Diesel,20667,25353,25769
1279523459,2024-10-02,2024-12-02,Ford,Fiesta,Benzin,4491,10084,10004
1280868388,2024-12-02,,BMW,3er,Diesel,,17318,17887
1280945134,2025-01-07,,Seat,Ateca,Benzin,17571,24032,25422
1281219988,2024-12-18,2024-12-19,Renault,Twingo,Benzin,7462,12330,13208
1279976733,2024-09-24,2024-11-20,Volvo,XC40,Benzin,22940,26526,26145
1280498503,2024-10-02,2024-12-12,Smart,forfour,Benzin,12651,14154,14177
1281763596,2024-10-30,,Volkswagen,Touran,Benzin,19648,23880,25222
1283806578,2024-12-06,,Skoda,Karoq,Benzin,17022,21351,23039
1283857276,2024-12-06,,Peugeot,208,Benzin,14310,21130,20202
1281501494,2024-11-26,,Hyundai,i30,Benzin,6652,9242,11007
1281552936,2024-10-26,2024-11-02,Peugeot,2008,Benzin,7390,11879,11894
1284419151,2024-12-19,2024-12-23,Opel,Astra,Diesel,14122,17958,19136
1275307657,2024-10-14,2025-01-08,Volkswagen,Passat,Diesel,16179,20435,22280
1282702781,2024-12-13,2024-12-27,BMW,X1,Benzin,20562,24819,24986
1282017004,2024-11-25,,Audi,A3 Limousine,Diesel,16515,21435,21533
1281455772,2024-12-06,2025-01-07,Nissan,Note,Benzin,8524,9715,9527
1282258755,2024-11-19,2025-01-02,Ford,Fiesta,Benzin,4329,8313,9215
1277767761,2024-10-02,2024-10-18,Ford,EcoSport,Benzin,11208,16967,17058
1240854849,2024-12-04,,Hyundai,i10,Benzin,6438,10051,9412
1279109924,2024-10-24,,Volkswagen,Touareg,Diesel,31415,35891,36100
1280318452,2024-10-15,2025-01-08,Volkswagen,Touran,Diesel,27245,30762,30165
1280780238,2024-11-16,2024-11-16,Volkswagen,T6 Multivan,Diesel,20382,25888,25347
1265487375,2024-09-25,2024-12-18,Opel,Astra,Benzin,13748,16573,16615
1283527881,2024-12-06,,Audi,Q3,Benzin,21130,25773,26489
1283895926,2024-12-17,,Nissan,Micra,Benzin,8754,14740,14439
1284144163,2024-12-16,,Volkswagen,Passat,Diesel,11392,16319,15048
1269502981,2024-11-08,2024-11-28,Toyota,Yaris,Hybrid,10514,14107,16452
1269592324,2024-10-28,2024-11-08,Volkswagen,Tiguan,Benzin,7505,12599,13618
1256809433,2024-10-25,2024-12-20,Mercedes-Benz,C-Klasse,Benzin,14979,18996,18471
1278958575,2024-09-27,2025-01-06,Audi,A7,Diesel,28465,32631,31990
1268853860,2024-09-17,2024-12-02,Mazda,CX-5,Benzin,21440,23136,24131
1283388879,2024-11-22,,Seat,Leon,Diesel,12173,17287,16148
1281870735,2024-10-28,,Kia,Picanto,Benzin,13262,15277,14495
1278652859,2024-09-13,2024-11-29,Volkswagen,Golf VII,Benzin,20389,24272,23003
1283428098,2024-12-14,,Seat,Leon,Benzin,6427,8555,9497
1285215930,2025-01-08,,Hyundai,i20,Benzin,9835,15198,16283
1279575504,2024-10-25,,Mitsubishi,Space Star,Benzin,7969,10458,11014
1279616016,2024-12-14,,Renault,Megane,Diesel,6100,13039,12400
1278619997,2024-09-12,2024-10-18,Mercedes-Benz,GLA-Klasse,Benzin,19306,22875,23494
1278890021,2024-09-13,2024-09-25,Opel,Astra,Benzin,14435,19827,18412
1280325878,2024-11-29,,Jeep,Renegade,Benzin,12969,18346,19725
1280160101,2024-10-14,2024-11-19,Dacia,Sandero,Benzin,7913,13341,12838
1280461068,2024-10-15,2024-11-28,Seat,Ibiza,Benzin,13811,18268,19919
1278062730,2024-11-28,,Ford,Fiesta,Benzin,5597,8990,7992
1278258571,2024-10-01,2024-11-06,Volkswagen,Golf VII,Benzin,12809,18225,18378
1281230599,2024-10-15,2024-10-22,Volkswagen,Passat,Diesel,15223,20370,20459
1280192146,2024-10-02,2024-10-23,Citroen,C3,Benzin,6524,11053,10010
1279503861,2024-09-27,,Fiat,500X,Benzin,7169,11560,11388
1279001709,2024-09-26,2024-12-05,Kia,Picanto,Benzin,8407,11476,12232
1278746410,2024-09-13,2024-09-16,BMW,2er,Benzin,14296,20381,20155
1283120112,2024-11-21,,Ford,Tourneo Connect,Diesel,14963,17324,19127
1280394992,2024-10-17,,Smart,fortwo,Benzin,4189,7238,7522
1280783392,2024-10-16,,Mercedes-Benz,C-Klasse,Benzin,20894,24574,26308
1279349747,2024-09-17,2024-11-20,Volkswagen,Golf VII,Benzin,5467,9902,9752
1284856697,2024-12-23,,Seat,Ibiza,Benzin,11612,13964,14055
1278658005,2024-11-27,,BMW,2er,Benzin,31893,38943,38525
1283866921,2024-12-06,,Skoda,Octavia,Benzin,30939,37305,37864
1281081215,2024-10-30,2024-12-07,Mazda,CX-5,Diesel,13215,16246,17468
1276020494,2024-10-07,2024-10-10,Ssangyong,Tivoli,Diesel,4702,9045,9241
1281880761,2024-11-18,2024-11-19,BMW,X4,Diesel,37179,42755,43596
1276101215,2025-01-09,,Land Rover,Evoque,Diesel,16918,21430,21989
1278522200,2024-09-18,2024-10-01,Hyundai,i10,Benzin,6255,12201,12598
1281975720,2024-10-28,,Renault,Twingo,Benzin,5976,10722,10161
1282465392,2024-11-26,2024-12-05,Skoda,Fabia,Benzin,3085,8387,8515
1279261630,2024-12-20,2025-01-08,Opel,Insignia Grand Sport,Diesel,12469,17661,17237
1278805647,2024-11-19,,BMW,2er,Benzin,18999,25322,24817
1278903900,2024-09-16,2024-12-16,Volkswagen,T-Cross,Benzin,10367,14632,14466
1281920176,2024-11-06,,Opel,Corsa,Benzin,5076,7864,8700
1280301474,2024-10-11,,Toyota,Aygo,Benzin,10429,12893,11962
1278308524,2024-12-03,,Kia,Sportage,Benzin,12826,17876,19140
1270536908,2024-10-28,2024-11-05,Audi,A6,Diesel,15986,23163,22100
1279463203,2024-12-12,2025-01-06,Hyundai,i30,Benzin,19219,25201,26759
1278792790,2024-09-20,2024-11-06,Smart,fortwo,Benzin,9570,12490,13106
1279803777,2024-10-02,,Mercedes-Benz,V-Klasse,Diesel,32736,39040,36965
1279871184,2024-10-09,2024-11-09,Mercedes-Benz,GLA-Klasse,Benzin,18147,24325,24728
1282095423,2024-11-15,2024-12-07,Opel,Zafira Life,Diesel,35063,42233,40917
1280853835,2024-11-26,2024-12-13,Ford,Tourneo,Benzin,9186,12837,13677
1281329633,2024-10-31,,Volkswagen,Touran,Diesel,19693,24169,22583
1279810969,2024-09-30,2024-10-30,Smart,forfour,Benzin,9123,13127,12719
1268555343,2024-09-25,2024-12-11,Volkswagen,Golf VIII,Benzin,24113,26069,28089
1280452676,2024-10-04,2024-12-20,Ford,Focus,Benzin,12131,15898,17784
1282261656,2024-11-08,,Suzuki,Ignis,Benzin,9629,12251,11584
1280706697,2024-10-10,,Ford,Focus,Benzin,8959,11839,11957
1281701162,2024-10-26,,Volkswagen,Tiguan,Benzin,13951,15969,15861
1282223820,2024-11-08,2024-11-11,Dacia,Dokker,Diesel,10059,13266,14650
1283311695,2024-11-22,,Mercedes-Benz,GLC-Klasse,Benzin,23204,31727,32521
1283739885,2024-12-20,,Seat,Leon,Benzin,14110,17614,18063
1282380353,2024-11-19,,Audi,A4,Diesel,16784,21012,19259
1281915299,2024-11-19,2024-12-09,Citroen,Berlingo,Diesel,18936,22880,23159
1257997648,2024-11-18,2024-12-14,Volkswagen,Golf VII,Benzin,14551,17323,18766
1265658966,2024-12-20,,Audi,A6,Diesel,23596,32599,33543
1280030902,2024-10-15,,Ford,EcoSport,Benzin,8955,12072,12186
1282923116,2025-01-06,,Renault,Twingo,Benzin,7175,12083,10697
1283158712,2024-11-29,,Opel,Insignia Sports Tourer,Diesel,15125,17754,19048
1267101705,2024-10-25,2024-12-11,Toyota,Yaris,Hybrid,8925,13455,11937
1276013107,2024-09-14,2024-09-25,Volkswagen,Tiguan,Benzin,23900,28839,29604
1280473461,2024-10-29,2024-12-23,Mercedes-Benz,C-Klasse,Diesel,18567,24751,23326
1280664877,2024-12-16,,BMW,1er,Benzin,10348,14393,15654
1275019760,2024-10-26,2024-11-29,Volkswagen,Tiguan,Diesel,24661,27976,29385
1273476129,2024-09-13,2024-10-16,Volkswagen,Golf VII,Benzin,6345,11068,12776
1275117311,2024-12-12,,Peugeot,208,Benzin,5159,7446,9691
1267215745,2024-10-18,,Mercedes-Benz,GLA-Klasse,Benzin,20451,23461,25613
1273406659,2024-12-13,2024-12-20,Skoda,Fabia,Benzin,8596,13133,12972
1282622426,2024-12-17,,Ford,Focus,Diesel,14882,18235,17570
1275902684,2024-12-10,2024-12-16,BMW,4er,Benzin,17029,23966,23312
1277529848,2024-09-27,2024-10-31,Skoda,Fabia,Benzin,7905,11176,12034
1283668911,2024-12-09,,Nissan,Micra,Benzin,8127,12101,11956
1284835751,2025-01-03,,Mercedes-Benz,A-Klasse,Benzin,26633,31728,31500
1279559611,2024-10-07,2025-01-03,Mitsubishi,Outlander,Hybrid,18169,20729,21453
1280128471,2024-11-07,,Jaguar,F-Pace,Benzin,23541,29298,28768
1280086346,2024-10-10,,Renault,Clio,Benzin,9618,11913,12262
1278923278,2024-09-28,2024-11-27,Fiat,500C,Benzin,11177,13056,14123
1280015014,2024-09-30,,Peugeot,108,Benzin,5828,6695,7056
1280408235,2024-10-10,,Kia,XCeed,Hybrid,18649,20617,20159
1279641863,2024-09-20,2024-12-04,Subaru,Forester,Benzin,23589,25563,26276
1281480177,2024-11-08,2024-12-04,Volkswagen,Golf VIII,Diesel,19840,26434,28188
1281642257,2024-10-23,,Seat,Ibiza,Benzin,13466,17047,17082
1281724483,2024-10-28,2024-11-06,Opel,Astra,Benzin,11279,16874,15561
1281493914,2024-12-05,2025-01-03,Hyundai,i30,Diesel,11678,16456,16772
1282455473,2024-11-18,2025-01-08,BMW,X1,Benzin,20887,24883,25390
1282870077,2024-11-28,,Skoda,Karoq,Benzin,13512,19653,19137
1283145192,2024-12-09,,Volkswagen,Golf VII,Benzin,15824,18060,17705
1282701317,2024-11-20,,Ford,Focus,Benzin,15789,23772,23623
1280589307,2024-12-23,,MINI,MINI,Benzin,13657,18977,20577
1275992804,2024-10-23,,Audi,A4,Benzin,18499,24808,24100
1280693251,2024-11-08,,Renault,Captur,Benzin,9377,12541,13026
1283187521,2024-11-20,,Seat,Leon,Benzin,12162,16982,18316
1276181304,2024-10-09,2024-10-10,Mercedes-Benz,A-Klasse,Diesel,10796,17418,17392
1281751057,2024-11-05,2024-11-12,Renault,Clio,Benzin,10470,16267,14953
1278956487,2024-10-24,2024-12-02,Peugeot,5008,Diesel,18625,27188,26690
1276443126,2024-11-22,,Renault,Clio,Benzin,6449,9907,10898
1280243530,2024-10-23,2024-10-25,MINI,MINI,Benzin,6348,10307,12252
1280354053,2024-11-02,2024-12-31,Renault,Scenic,Benzin,8751,11338,10824
1280547586,2024-10-25,2025-01-04,Volkswagen,Golf VII Sportsvan,Benzin,15899,19602,19159
1284305102,2024-12-20,,Hyundai,i10,Benzin,9944,16739,15248
1272007263,2024-10-16,,Volkswagen,Golf VII,Benzin,15003,19915,19364
1282988314,2024-12-02,2024-12-05,Dacia,Sandero,Benzin,5985,10503,11810
1283791915,2024-12-05,,Nissan,Micra,Benzin,3657,8901,10394
1280311295,2024-11-04,,Ford,Kuga,Benzin,11019,17281,16928
1283403763,2024-12-31,,Renault,Clio,Benzin,8356,14210,13515
1282362421,2024-11-15,2024-11-27,BMW,X6,Diesel,31429,39724,41870
1284303284,2025-01-08,,Volkswagen,T-Roc,Benzin,21913,27595,27539
1281165570,2024-11-16,,Volkswagen,Passat,Hybrid,18990,25626,24283
1281241314,2024-11-10,,Volkswagen,up!,Benzin,3846,8988,7641
1279065552,2024-09-27,2024-10-31,Mercedes-Benz,CLA-Klasse,Benzin,27650,33836,
1279755005,2024-09-23,2024-12-05,Dacia,Sandero,Benzin,6246,10008,8473
1281029058,2024-10-16,,Ford,Kuga,Benzin,12117,16407,17965
1278674105,2024-09-20,2024-12-17,Fiat,500C,Benzin,3549,7667,6449
1280210217,2024-11-09,2024-12-19,Skoda,Yeti,Benzin,12093,15636,14449
1281860506,2025-01-07,,Mercedes-Benz,A-Klasse,Benzin,18094,24407,25536
1282464702,2024-11-11,,Volkswagen,Tiguan,Benzin,21029,26739,27791
1282470418,2024-11-15,,Volkswagen,Golf VII,Benzin,8231,11215,10869
1282480735,2024-11-29,2025-01-07,Ford,S-Max,Diesel,11262,15542,16281
1280471887,2024-10-17,,Skoda,Octavia,Benzin,14858,17902,19742
1283527730,2024-12-13,2025-01-09,Hyundai,i20,Benzin,5032,9786,11078
1281801090,2024-11-08,,Audi,Q2,Benzin,20110,24316,24555
1273256280,2024-12-05,,BMW,1er,Benzin,7690,11068,12213
1282405226,2024-11-18,,BMW,X1,Benzin,19155,24908,24332
1271592180,2024-10-04,2024-10-22,Opel,Grandland X,Hybrid,16224,22454,22520
1278506519,2024-09-24,2024-11-25,Volkswagen,Polo,Benzin,17152,18270,18707
1239479290,2024-12-03,2025-01-06,Toyota,RAV 4,Hybrid,16136,21523,21317
1252672991,2024-10-04,,BMW,4er,Benzin,28354,31252,32771
1252883877,2024-10-04,2024-10-19,Skoda,Octavia,Benzin,28482,32455,34243
1277970079,2024-09-20,2024-09-24,BMW,4er,Benzin,25892,34419,35251
1268853320,2024-11-09,,Hyundai,i10,Benzin,6389,10470,10172
1280144626,2024-10-23,,Audi,A4,Diesel,29359,30476,31912
1281381132,2024-10-24,2024-12-28,Ford,C-Max,Benzin,6049,9558,9289
1254998487,2024-09-24,2024-11-30,Volkswagen,Passat,Diesel,14187,15449,17408
1281622401,2024-11-22,,Volkswagen,Golf VII,Benzin,14206,19010,20468
1271404428,2024-10-04,2025-01-09,Audi,TT,Benzin,19743,23934,24623
1282848137,2024-12-04,,Toyota,Yaris,Hybrid,15498,17997,19700
1274552636,2024-11-19,,Audi,Q3,Diesel,22047,26772,27680
1274829962,2024-09-24,2024-12-19,Mercedes-Benz,GLC-Klasse,Benzin,33154,35162,37227
1275077934,2024-09-17,2024-09-24,Opel,Insignia Sports Tourer,Diesel,12697,16770,14895
1264048440,2024-09-27,2024-12-05,Audi,A5,Benzin,25925,27499,28021
1274315919,2024-10-29,,Hyundai,Tucson,Benzin,16374,22165,22099
1276975360,2024-09-19,2024-12-09,BMW,1er,Benzin,19846,23793,23319
1278789513,2024-11-06,2024-12-31,BMW,X3,Diesel,18677,22178,22825
1278912442,2024-10-23,,Hyundai,i30,Benzin,14490,15879,17220
1283381773,2024-12-04,,Renault,Clio,Benzin,4208,10756,9463
1279221458,2024-09-19,2024-11-26,Seat,Leon,Benzin,12977,16894,16818
1279699066,2024-11-04,,Volkswagen,T6 Caravelle,Diesel,30851,35417,34893
1277616792,2024-09-17,2024-09-21,Mazda,CX-5,Diesel,15367,18860,19445
1279439893,2024-10-09,2024-10-09,Suzuki,Jimny,Benzin,20750,27920,27995
1277421208,2024-10-15,,Seat,Ateca,Benzin,20298,25600,25230
1282763617,2024-09-13,2024-09-16,Volkswagen,Polo,Benzin,10902,12699,13426
1278901519,2024-10-07,,Opel,Mokka X,Benzin,10719,13075,12695
1281716691,2024-11-13,2024-12-03,Ford,EcoSport,Benzin,12772,16098,16593
1281826088,2024-11-04,2024-11-28,Audi,A4,Benzin,16808,21940,20931
1279860644,2024-09-30,2024-12-05,Volkswagen,Golf VII,Diesel,10844,13045,14514
1279782239,2024-12-13,2024-12-19,Mercedes-Benz,A-Klasse Limousine,Diesel,18199,26846,27404
1281963621,2024-11-10,2024-12-27,BMW,X3,Benzin,31540,35815,34436
1282218659,2024-11-15,,Volvo,V60,Diesel,11769,15639,14249
1284215680,2024-12-18,,Hyundai,i20,Benzin,5391,10069,10144
1285059874,2025-01-09,,Smart,fortwo,Benzin,10067,14247,14127
1277348993,2024-09-20,2024-11-28,BMW,X1,Benzin,25579,28052,29031
1277409439,2024-09-24,,Toyota,Aygo,Benzin,5832,9980,9158
1281183563,2024-11-15,,Renault,Grand Scenic,Diesel,10947,16133,15297
1280719666,2024-10-18,,Volkswagen,Golf VII,Benzin,10464,14136,13694
1283238160,2024-12-20,,MINI,MINI,Benzin,12667,17426,18518
1276712037,2024-09-23,2024-11-26,Volkswagen,Tiguan,Diesel,16956,21031,20147
1280547359,2024-11-01,2024-11-25,Jeep,Cherokee,Diesel,13038,19242,21380
1282835530,2024-11-14,2024-11-27,Volkswagen,T-Roc,Benzin,15593,18919,19472
1284173393,2024-12-11,,Hyundai,Kona,Benzin,12035,14027,13630
1284744203,2024-12-19,,Ford,Kuga,Benzin,11542,15617,15686
1279041390,2024-10-04,2024-12-31,MINI,MINI,Benzin,7599,12157,11393
1283197982,2024-11-26,,Toyota,Auris Touring Sports,Benzin,8907,13210,15309
1279583420,2024-10-08,2024-11-18,Opel,Cascada,Diesel,8177,11404,10299
1280765903,2024-10-22,2024-12-23,Opel,Karl,Benzin,9468,10905,12580
1283639192,2024-12-05,,Smart,fortwo,Benzin,13465,18991,17998
1281138624,2024-10-21,2024-10-28,Kia,Rio,Diesel,6845,9757,10271
1283662307,2024-12-06,2024-12-14,Ford,Focus,Benzin,,13068,13475
1284298764,2024-12-24,,BMW,4er,Benzin,19676,24823,26200
1280182563,2024-09-27,,Volkswagen,Polo,Benzin,9652,12262,13372
1281394579,2024-11-18,2024-12-11,Audi,A3 Limousine,Benzin,14109,18911,19038
1279845960,2024-10-05,2024-12-06,BMW,2er,Diesel,15220,17481,18812
1280273764,2024-10-02,2024-12-30,Volkswagen,Tiguan,Benzin,21612,24858,23828
1281041661,2024-10-23,2025-01-08,MINI,MINI,Benzin,8759,14160,13068
1280361541,2024-10-23,2025-01-09,Cupra,Formentor,Benzin,28047,32348,32297
1283246141,2024-12-05,,MINI,Clubman,Benzin,29068,32282,33902
1280614352,2024-10-22,,Mercedes-Benz,C-Klasse,Benzin,28062,32625,32792
1270488863,2024-12-18,,Jaguar,E-Pace,Benzin,21621,27819,29282
1276688317,2024-11-04,,Jaguar,E-Pace,Benzin,16746,22553,22875
1283194948,2024-12-06,,Mercedes-Benz,GLE-Klasse,Benzin,34393,40370,40970
1283197275,2024-11-27,,Volkswagen,T-Roc,Benzin,13670,17577,17976
1281494587,2024-11-13,2024-11-18,Citroen,Jumpy,Diesel,15952,22178,22930
1281147491,2024-12-18,,Opel,Insignia Grand Sport,Diesel,13228,15869,17199
1277642938,2024-10-22,2024-10-31,Dacia,Duster,Diesel,6658,11150,12438
1282618151,2024-12-12,,Skoda,Octavia,Benzin,18848,26212,26969
1262841853,2024-09-20,2024-10-18,Mitsubishi,Outlander,Hybrid,12641,18828,17889
1284709496,2024-12-19,,Mercedes-Benz,B-Klasse,Hybrid,18737,25281,26745
1219595998,2024-09-16,2024-09-19,Mazda,CX-3,Diesel,7389,11637,10826
1212681520,2024-10-11,2024-12-10,Renault,Twingo,Benzin,6497,8190,10000
1257776010,2024-10-22,2024-11-13,Volvo,XC60,Diesel,23040,30183,30217
1277541763,2025-01-06,,Skoda,Kodiaq,Benzin,23656,28248,28606
1267591559,2024-12-11,,Seat,Ibiza,Benzin,10571,13028,14132
1271632754,2024-10-01,2024-12-13,Seat,Ibiza,Benzin,8752,11062,12945
1271932066,2024-10-15,2025-01-02,Volkswagen,T-Roc,Diesel,16549,21352,20216
1283956288,2024-12-24,,Volkswagen,Tiguan,Benzin,20685,27222,25814
1265257525,2024-11-18,,Suzuki,Swift,Benzin,15688,20939,19763
1276917600,2024-09-20,2024-11-02,Volkswagen,Golf VII,Benzin,5918,12495,11210
1282777356,2024-11-20,2025-01-08,Opel,Astra,Benzin,9003,13283,15329
1283137042,2024-11-22,,Skoda,Fabia,Benzin,4774,7895,9942
1278434304,2024-09-14,2024-12-06,Audi,A5,Benzin,23007,23726,26056
1277936431,2024-09-23,2024-12-16,Mercedes-Benz,A-Klasse,Diesel,13926,13998,15620
1280478777,2024-11-29,,Nissan,Qashqai,Benzin,12792,20280,18662
1279034594,2024-09-25,2024-12-17,Volkswagen,Golf VII,Diesel,12263,14904,14685
1280337433,2024-10-24,2025-01-09,Mercedes-Benz,CLA-Klasse,Benzin,21459,26018,25366
1280905491,2024-11-04,,Volkswagen,up!,Benzin,14637,16649,17733
1248967388,2024-12-18,,Audi,A6,Diesel,20744,27728,25941
1281300267,2024-11-04,,Volkswagen,Caddy,Diesel,17388,23356,24174
1280906790,2024-12-13,2024-12-16,Renault,Espace,Diesel,13770,17053,16444
1282281039,2024-11-08,2025-01-06,Peugeot,508,Diesel,15107,20611,20892
1282215248,2024-11-09,,BMW,2er,Hybrid,13646,17710,17330
1279349700,2024-11-08,2024-11-09,Toyota,Corolla,Hybrid,14878,20968,21815
1280965102,2024-11-06,,Mitsubishi,Space Star,Benzin,3241,7639,6803
1279538541,2024-10-01,,Audi,TT,Benzin,17514,22970,23954
1251125158,2024-09-14,2024-12-14,Ford,Focus,Benzin,16486,19323,19706
1280523945,2024-11-12,,Citroen,C3 Aircross,Benzin,11760,14651,15224
1278558667,2024-09-27,2024-11-02,Mercedes-Benz,E-Klasse,Diesel,32209,37552,37988
1283562568,2024-12-06,,Audi,A3,Benzin,12768,16289,16613
1271168780,2024-11-09,,Peugeot,5008,Diesel,21278,26144,24528
1275937707,2024-10-02,2024-11-15,Ford,Focus,Benzin,15656,17567,17978
1280873986,2024-12-05,,Ford,Tourneo Custom,Diesel,30936,35799,35743
1284323336,2024-12-13,,Seat,Leon,Benzin,6167,11455,11465
1270196012,2024-10-02,2024-11-14,Ford,Mondeo,Diesel,15759,20541,19387
1281754141,2024-12-16,,Mercedes-Benz,A-Klasse,Benzin,11467,18199,18030
1281644777,2024-11-09,,Volkswagen,Golf VII,Benzin,11320,16015,17236
1281705690,2024-10-28,2024-12-23,Toyota,Aygo,Benzin,9262,10207,9969
1282440372,2024-11-10,,Volkswagen,Touran,Benzin,12220,15011,16507
1281858777,2024-10-30,2024-11-12,Audi,A3 Limousine,Benzin,13935,19934,19970
1283551074,2024-12-04,,Volkswagen,Golf VII Sportsvan,Benzin,6612,10741,10209
1270806078,2024-10-30,2024-11-07,Toyota,C-HR,Hybrid,12681,16391,17937
1282428174,2024-11-18,,Kia,pro_cee'd,Benzin,17840,23781,23306
1282756418,2024-11-18,,Renault,Clio,Benzin,6950,13399,13869
1279156979,2024-09-19,,Peugeot,3008,Diesel,16316,19774,21999
1282845100,2024-11-19,2025-01-02,Mercedes-Benz,GLC-Klasse,Diesel,23494,28100,30174
1283469536,2024-12-09,,BMW,X2,Benzin,19728,27398,28886
1280236954,2024-10-04,2024-10-25,Volkswagen,Scirocco,Benzin,12777,17072,16930
1277696784,2024-12-06,2024-12-09,Skoda,Fabia,Benzin,7973,12555,11872
1278573691,2024-11-29,,BMW,1er,Benzin,12591,18138,17340
1283632212,2024-12-04,,Renault,Clio,Benzin,8393,12194,12313
1279321364,2024-09-20,2024-09-26,Dacia,Sandero,Benzin,8310,13111,11882
1284073399,2024-12-20,,Volkswagen,Golf VII,Diesel,9559,14294,13870
1280327361,2024-11-14,2024-12-30,Seat,Leon,Benzin,11781,16624,17293
1274241554,2024-10-30,,Skoda,Citigo,Benzin,6423,11241,11950
1280083346,2024-09-19,,Volkswagen,Arteon,Benzin,21867,25900,25729
1280993680,2024-11-06,,Renault,Megane,Diesel,10271,12143,13781
1280842318,2024-10-14,,Skoda,Fabia,Benzin,6980,11116,12590
1280036878,2024-09-30,2024-10-30,Hyundai,i30,Benzin,14578,19051,19065
1279958967,2024-09-25,2024-12-30,Nissan,Juke,Benzin,13885,17312,17836
1281299397,2024-12-16,2025-01-02,Ford,Kuga,Diesel,14141,18703,16954
1284916329,2025-01-08,,Renault,Captur,Benzin,9243,12523,13107
1280762822,2024-10-24,,Volkswagen,Tiguan,Benzin,6066,12039,10284
1281338055,2024-10-28,,Hyundai,Tucson,Benzin,11691,15946,16151
1281825394,2024-10-30,,Seat,Leon,Benzin,11202,14098,14833
1283610331,2025-01-10,,Audi,A4,Diesel,12313,19348,20926
1282386747,2024-11-22,,Volkswagen,Golf VII,Diesel,14945,19362,19751
1282763617,2024-09-13,,Volkswagen,Polo,Benzin,10902,12000,13426
1279150689,2024-09-18,2024-11-14,Opel,Adam,Benzin,7231,11985,11145
1283042413,2024-11-28,2024-12-02,Audi,A4,Diesel,13374,16999,18811
1283091692,2024-12-04,,Cupra,Formentor,Benzin,23643,28606,27154
1273083475,2024-09-24,,Renault,Captur,Benzin,8381,11016,11592
1259696480,2024-10-09,2024-12-23,Volkswagen,Touran,Benzin,16669,21051,22357
1279186152,2024-10-12,2024-11-27,Skoda,Superb,Diesel,18686,23733,24624
1281382130,2024-11-07,,Mitsubishi,Eclipse Cross,Benzin,,16175,15454
1275167846,2024-10-11,2024-12-27,Ford,Focus,Diesel,7537,11627,13455
1261982115,2024-11-18,2024-12-11,Renault,Captur,Benzin,10710,14146,13715
1279681847,2024-10-07,2024-11-29,Volkswagen,Passat,Diesel,20003,22546,24092
1265184330,2024-11-19,2024-11-20,Toyota,Prius+,Hybrid,17060,21982,22187
1279885783,2024-10-04,2024-11-27,Suzuki,Swift,Benzin,8158,13389,13469
1281589093,2024-10-23,,Volkswagen,Tiguan Allspace,Diesel,23396,29838,30508
1283365756,2024-11-28,,Jeep,Renegade,Benzin,11055,17823,17576
1275894877,2024-12-28,2025-01-06,Skoda,Fabia,Benzin,4868,9341,10407
1277105999,2024-11-01,,Volkswagen,Tiguan Allspace,Benzin,30466,32601,31832
1271142809,2024-09-20,2025-01-04,Mercedes-Benz,CLA-Klasse,Benzin,17777,20260,21336
1278991293,2024-09-16,2024-11-27,Opel,Adam,Benzin,8006,10105,9254
1278765014,2024-10-08,2024-11-01,Kia,cee'd,Benzin,8702,14219,14550
1279414504,2024-10-04,2024-11-27,Mercedes-Benz,E-Klasse,Diesel,21909,26149,26666
1279641079,2024-10-04,2024-12-30,Renault,Captur,Benzin,9712,11665,12656
1280055813,2024-09-24,2024-12-20,Seat,Ibiza,Benzin,10051,13750,12429
1280622389,2024-10-09,2024-12-04,Volkswagen,Golf VII Sportsvan,Benzin,11647,16926,16463
1280644325,2024-10-16,2024-12-10,Mazda,3,Benzin,6534,11516,13284
1279546550,2024-09-27,,Mercedes-Benz,CLA-Klasse,Benzin,29308,34366,32358
1280985661,2024-11-16,,BMW,1er,Benzin,12950,16987,18727
1272223997,2024-10-29,,Volkswagen,Golf VII,Diesel,12955,15176,15190
1281773073,2024-10-24,,Skoda,Scala,Benzin,10632,13500,14669
1282054003,2024-10-29,,Audi,A4,Diesel,18471,24798,23266
1282277476,2024-11-13,2024-11-13,BMW,X1,Diesel,16466,18832,19342
1271112733,2024-10-16,,Opel,Karl,Benzin,6447,8074,8260
1282636042,2024-12-06,,Renault,Megane,Benzin,12208,18223,19484
1279234180,2024-10-24,2024-11-04,Ford,Focus,Diesel,12971,19151,19485
1282736755,2024-11-28,,BMW,X1,Benzin,15780,20367,20747
1283269844,2024-11-28,,BMW,3er,Diesel,22693,28596,29903
1282021690,2024-11-18,2024-12-23,Opel,Mokka X,Benzin,9430,14834,16899
1284206046,2024-12-18,,Volkswagen,Golf VII,Benzin,7828,12912,13416
1284141160,2024-12-06,,Audi,A1,Benzin,12846,17736,17908
1280233064,2024-12-06,,Hyundai,i20,Benzin,4530,8623,8119
1271296067,2025-01-09,,Mercedes-Benz,GLS-Klasse,Diesel,43397,54540,54662
1281032710,2024-10-29,,Skoda,Rapid Spaceback,Benzin,7337,10341,12236
1281616416,2024-12-06,,Audi,A4,Diesel,18732,24161,24740
1280888496,2024-11-09,,Ford,Edge,Diesel,23544,29286,30259
1282016882,2024-11-20,,Volkswagen,Tiguan Allspace,Diesel,23767,26791,26492
1283264990,2025-01-08,,Toyota,Aygo,Benzin,4879,9521,8694
1267466225,2024-09-13,2024-11-29,Mercedes-Benz,E-Klasse,Benzin,24776,26892,28052
1280426966,2024-10-04,2024-12-27,Kia,pro_cee'd,Benzin,13648,18926,18410
1279818064,2024-09-27,2024-10-16,Opel,Insignia,Benzin,16967,22548,23220
1280614479,2024-10-12,2024-11-01,Renault,Twingo,Benzin,5827,7536,7317
1282643378,2024-12-19,,Mercedes-Benz,A-Klasse Limousine,Hybrid,20685,26813,28295
1278961211,2024-11-13,,Hyundai,Tucson,Benzin,13182,15754,17264
1279597507,2024-11-21,,Cupra,Formentor,Benzin,25326,29974,29110
1279885117,2024-10-15,2024-11-28,Opel,Corsa,Benzin,5631,9009,9662
1279465388,2024-10-25,2024-11-22,Ford,Kuga,Benzin,8265,13700,12924
1280918459,2024-10-30,2025-01-08,Mitsubishi,ASX,Benzin,5523,12137,11378
1279669412,2024-09-25,2024-12-05,Fiat,Panda,Benzin,4383,6422,5685
1280621001,2024-10-11,,Volkswagen,Touran,Benzin,20323,23056,24174
1280321358,2024-09-27,2025-01-09,Peugeot,Rifter,Benzin,14909,17113,17391
1280540693,2024-11-06,,Honda,Civic,Benzin,9229,12458,13890
1279855564,2024-10-04,2025-01-04,BMW,X1,Benzin,14143,20109,19596
1279999906,2024-12-06,,Volkswagen,Touran,Benzin,21768,26246,24968
1280220528,2024-10-08,,Toyota,Yaris,Hybrid,8426,12544,11921
1280577259,2024-10-10,,Nissan,X-Trail,Diesel,11389,13974,16128
1280607543,2024-11-09,,BMW,X3,Hybrid,36105,38677,40207
1280869535,2024-10-22,2024-12-18,Opel,Corsa,Benzin,5552,9981,9032
1281959001,2024-11-05,,Volvo,V60,Diesel,20554,26156,25128
1282340281,2024-11-29,,Mercedes-Benz,GLA-Klasse,Diesel,11546,18289,18641
1282051986,2024-11-22,,Opel,Grandland X,Benzin,8977,14653,15395
1281766993,2024-10-24,,Volkswagen,Golf VII,Benzin,8854,12418,12205
1281347040,2024-11-14,,Ford,S-Max,Benzin,15752,19035,18508
1281873656,2024-10-25,,Smart,fortwo,Benzin,5014,9527,8654
1282038909,2024-11-09,,Volkswagen,Polo,Benzin,12165,14279,15149
1278427390,2024-09-20,2024-10-01,Volkswagen,Tiguan,Benzin,8068,13653,12060
1281864918,2024-11-08,,Toyota,C-HR,Benzin,11873,16789,15058
1218763403,2024-09-18,2024-12-14,Toyota,Auris Touring Sports,Benzin,8064,11086,12923
1252875119,2024-11-13,,Citroen,C5 Aircross,Diesel,13243,17686,19797
1282628235,2024-11-18,,Audi,Q2,Benzin,11749,17286,18010
1284095769,2024-12-27,,Opel,Crossland X,Benzin,13421,19624,20150
1284131777,2024-12-13,2024-12-28,Mercedes-Benz,GLA-Klasse,Benzin,20352,25069,26982
1263372272,2024-12-03,,Mitsubishi,Space Star,Benzin,5985,10966,10456
1274062995,2024-10-02,,Hyundai,i30,Benzin,24882,27544,27468
1278621092,2024-09-18,2024-09-20,BMW,X1,Diesel,19232,22906,22422
1275945028,2024-09-19,2024-12-11,Smart,fortwo,Benzin,8618,11927,11695
1276421263,2024-09-19,2024-10-22,Hyundai,i20,Benzin,8487,11087,11323
1272674794,2024-09-27,2024-12-21,Volkswagen,Tiguan,Benzin,15272,19948,20581
1266450615,2024-11-25,,Renault,Clio,Benzin,12227,15093,15465
1278427568,2024-10-15,,Mercedes-Benz,GLC-Klasse,Benzin,25901,29865,30324
1268678549,2024-09-12,2024-10-12,Hyundai,i30,Benzin,15499,22022,22366
1270020809,2024-10-01,2024-12-23,Fiat,500C,Benzin,8992,14411,14979
1282643005,2024-11-29,,Dacia,Duster,Benzin,10856,16813,15653
1277052788,2024-09-17,2024-10-10,Nissan,NV200 Evalia,Diesel,10732,15751,15364
1283107736,2024-12-10,,Opel,Corsa,Benzin,3612,8118,8800
1277842471,2024-10-14,2024-10-21,Ford,S-Max,Benzin,19081,27352,26735
1278912073,2024-10-22,2024-11-13,Opel,Zafira Tourer,Diesel,10014,15955,15620
1279095793,2024-10-17,,Volkswagen,T-Roc,Benzin,17741,21371,22532
1279193674,2024-10-08,,Volkswagen,Golf VII,Benzin,6670,10173,10819
1279859713,2024-10-07,,BMW,X3,Diesel,32793,39932,39257
1279917238,2024-10-25,2024-10-30,Ford,Focus,Benzin,6139,9770,10220
1279729209,2024-09-23,2024-11-16,Seat,Ibiza,Benzin,7401,12526,11624
1274060364,2024-11-06,,Volkswagen,Golf VII,Benzin,11307,13568,14791
1281138969,2024-10-17,,Toyota,Aygo,Benzin,5730,9866,10864
1279438272,2024-12-10,,Seat,Alhambra,Diesel,22411,28787,29001
1272622844,2024-12-03,,Volkswagen,Tiguan,Benzin,9301,13055,12626
1279075293,2024-09-27,2024-11-29,Kia,Sportage,Benzin,15047,16427,17568
1282358850,2024-11-18,2024-11-28,Volkswagen,T-Roc,Benzin,17956,22951,24081
1282857382,2024-12-19,2025-01-02,Smart,fortwo,Benzin,11097,14353,15158
1281221718,2024-10-25,2024-10-29,Toyota,Yaris,Hybrid,6364,11826,13734
1283398684,2024-12-13,,Audi,A4,Benzin,14445,22149,20898
1276535958,2024-10-01,,Fiat,500,Benzin,7900,11347,9575
1280042242,2024-09-26,2024-10-23,Hyundai,i30,Benzin,12885,17484,17518
1280133695,2024-09-19,,Kia,Stonic,Benzin,12923,13820,13241
1280834410,2024-10-11,2024-12-04,BMW,2er,Diesel,14374,17476,17459
1284433083,2024-12-12,,Seat,Leon,Benzin,11167,15696,15022
1277609008,2024-09-25,,Mercedes-Benz,C-Klasse,Hybrid,20845,24022,24074
1277852880,2024-10-29,2024-12-05,Seat,Leon,Diesel,11851,17189,15107
1282563284,2024-11-19,,Skoda,Kodiaq,Diesel,19633,26298,28019
1279136023,2024-12-19,,Skoda,Fabia,Benzin,7771,13431,14162
1277216459,2024-12-19,,Hyundai,i10,Benzin,9733,11994,11931
1279668388,2024-11-08,,Hyundai,Tucson,Benzin,14606,20560,20466
1280626362,2024-10-10,,BMW,3er,Diesel,15206,21228,19835
1279035224,2024-09-17,2024-12-05,Volkswagen,Tiguan,Benzin,7471,12458,11405
1279259660,2024-11-19,,Volkswagen,Golf VII,Benzin,10722,15146,13559
1281698676,2024-11-16,,Ford,Kuga,Hybrid,25480,29010,28769
1283207433,2024-11-19,,Toyota,Aygo,Benzin,5524,9545,9912
1279858599,2024-09-30,,Smart,fortwo,Benzin,7929,11051,11431
1283821819,2024-12-06,2024-12-30,Volkswagen,Touran,Diesel,12606,20518,20141
1284216187,2024-12-18,,Volkswagen,Golf VII Sportsvan,Benzin,10510,15142,14644
1281165211,2024-11-01,,Mercedes-Benz,A-Klasse,Benzin,9976,15910,14560
1280301585,2024-11-23,,Skoda,Yeti,Benzin,8678,13266,14444
1282618453,2024-12-13,,BMW,3er,Benzin,15831,18478,18816
1279774569,2024-10-18,,Opel,Astra,Benzin,12280,14566,15390
1280669952,2024-11-22,,Opel,Insignia Grand Sport,Diesel,16664,21416,21599
1275631063,2024-10-17,2024-12-12,BMW,X5,Diesel,36887,40259,38828
1283174712,2024-11-28,2025-01-08,Volkswagen,Golf VII,Benzin,11018,15427,17137
1282646097,2024-12-18,,Ford,Kuga,Diesel,17951,23903,24580
1282767024,2024-12-02,,Skoda,Kodiaq,Diesel,30143,38118,
1279996897,2024-10-23,2024-12-18,Audi,A6,Diesel,28164,30282,31395
1280695200,2024-10-22,,Audi,A6,Benzin,14977,18228,17317
1277732235,2024-12-11,,Volkswagen,Caddy,Diesel,21426,26869,27797
1281124954,2024-11-08,2024-12-20,Mercedes-Benz,C-Klasse,Diesel,18563,23391,23509
1282685097,2024-12-05,,Volkswagen,Golf VIII,Benzin,14862,20504,19707
1284576433,2025-01-03,,Hyundai,Tucson,Benzin,12917,18234,19868
1281967175,2024-10-23,2024-12-28,BMW,1er,Benzin,11503,15197,15924
1282344444,2024-11-09,,Mercedes-Benz,C-Klasse,Diesel,30670,34773,35396
1284627485,2024-12-24,,Ford,Mustang,Benzin,37494,44129,46087
1279458787,2024-09-17,2024-09-19,Skoda,Kodiaq,Diesel,29633,37483,38674
1215055077,2024-10-04,,Volkswagen,Golf VII,Benzin,16399,19585,20326
1257118132,2024-09-27,2024-10-09,MINI,Clubman,Benzin,18555,21563,20947
1263294912,2024-12-04,,Skoda,Octavia,Benzin,13454,15803,15651
1279578786,2024-10-16,2024-12-03,Toyota,Aygo,Benzin,7672,8626,8528
1283454337,2024-11-27,,Volkswagen,Caddy,Diesel,22933,29019,30156
1250777427,2024-10-30,,Hyundai,i30,Benzin,18254,21900,22226
1278811383,2024-09-16,2024-10-04,Volkswagen,Golf VII,Diesel,13016,16964,15754
1271362238,2024-10-25,,Mercedes-Benz,GLA-Klasse,Benzin,24646,29422,30424
1281603266,2024-10-23,,Ford,EcoSport,Diesel,6612,8957,10922
1279925530,2024-10-21,,Jeep,Renegade,Benzin,10460,17034,16541
1282409305,2024-11-16,,Skoda,Fabia,Benzin,7685,11320,13653
1278703176,2024-09-16,2024-12-09,Hyundai,i20,Benzin,5431,7699,9102
1283340844,2024-11-25,,Skoda,Fabia,Benzin,5799,9107,9383
1279509339,2024-10-05,,Volvo,S90,Benzin,24430,25717,26504
1284126455,2024-12-09,,Fiat,Tipo,Benzin,3475,7267,7106
1279705756,2024-10-25,2024-10-28,Citroen,C1,Benzin,2682,7905,9334
1279202184,2024-09-13,2024-12-09,Hyundai,Tucson,Benzin,14612,17092,17897
1278230630,2024-09-12,2024-11-12,Fiat,500,Benzin,5612,9723,9471
1282319224,2025-01-08,2025-01-09,Peugeot,208,Benzin,1800,8413,9292
1275648915,2024-09-26,,Audi,A6 Allroad,Benzin,38608,39277,39118
1282549022,2024-11-11,,Mercedes-Benz,GLC-Klasse,Diesel,30733,34289,36125
1280746244,2024-10-18,2024-11-19,Hyundai,i30,Benzin,6097,8671,9004
1282490249,2024-11-18,,Renault,Clio,Benzin,8784,13947,15718
1279369329,2024-09-21,2024-12-03,Kia,Sportage,Diesel,15168,17585,16456
1279759564,2024-10-28,2024-12-02,Honda,Civic,Benzin,15603,17752,19274
1272380003,2024-10-18,2024-12-23,Mercedes-Benz,B-Klasse,Benzin,9775,15851,14543
1281449957,2024-10-22,2024-12-06,Opel,Adam,Benzin,4211,8960,8616
1280922903,2024-12-04,,Kia,pro_cee'd,Benzin,17577,21894,23331
1283774857,2024-12-06,,Dacia,Lodgy,Diesel,10940,16733,16952
1283234182,2024-12-03,2024-12-12,Seat,Ateca,Benzin,16896,22956,23380
1283725675,2024-12-13,,Mercedes-Benz,C-Klasse,Benzin,21729,30649,32031
1283821817,2024-12-09,,Mercedes-Benz,B-Klasse,Benzin,10803,14378,15772
1279059251,2024-10-02,,Volkswagen,Golf VIII,Benzin,24514,27686,27451
1279094819,2024-10-04,,Jeep,Renegade,Benzin,7518,11858,12010
1272946035,2024-11-15,2024-12-17,Volkswagen,Golf VII,Benzin,6969,12172,13778
1282200957,2024-11-18,,Hyundai,i20,Benzin,14915,17333,18074
1280902012,2024-10-25,,Seat,Leon,Benzin,17148,19751,17830
1280947842,2024-10-22,,Opel,Mokka X,Benzin,13203,14683,14223
1280963135,2024-10-21,,BMW,3er,Diesel,15516,20872,20018
1282856679,2024-12-14,2025-01-07,Nissan,Qashqai,Benzin,14014,17349,17958
1284136436,2024-12-10,2024-12-23,Ford,Kuga,Benzin,12112,16492,18013
1278518540,2024-09-27,2024-12-20,Volkswagen,Tiguan Allspace,Diesel,21889,24022,24211
1283161480,2024-12-13,,Mercedes-Benz,A-Klasse,Benzin,23198,28204,27086
1278104714,2024-11-06,,Mercedes-Benz,C-Klasse,Benzin,17134,22201,22101
1278274244,2024-09-27,2024-09-28,Audi,SQ5,Benzin,25524,33080,32323
1278695830,2024-11-29,,Ford,Focus,Benzin,13494,16895,18408
1279173454,2025-01-02,,Volkswagen,Golf VII,Benzin,17828,25576,25820
1280071781,2024-10-15,,BMW,1er,Benzin,9886,13709,14199
1281045025,2024-10-23,,BMW,X1,Benzin,16932,21921,23471
1279955345,2024-10-23,,Skoda,Kodiaq,Diesel,26144,31741,31916
1279686748,2024-10-01,2024-11-12,Audi,A1,Benzin,7761,13743,14064
1278762292,2024-10-08,2024-10-08,Ford,Grand Tourneo Connect,Diesel,12805,16931,17957
1284264127,2024-12-23,,Opel,Corsa,Benzin,8736,14647,14426
1258407786,2024-12-05,,Seat,Leon,Benzin,13155,18111,17743
1280734881,2024-10-18,2024-10-21,Volkswagen,Scirocco,Benzin,14599,21433,22940
1279992689,2024-10-15,,BMW,1er,Benzin,9708,13366,15348
1274941931,2024-09-26,,Land Rover,Discovery Sport,Benzin,22357,26619,26373
1276655073,2024-09-20,2024-12-28,Mazda,CX-3,Benzin,13498,17918,17245
1280944745,2024-10-18,2025-01-09,Peugeot,Expert,Diesel,29249,33040,33914
1280562464,2024-10-17,2024-12-27,BMW,5er,Diesel,27344,33750,35561
1280655744,2024-11-27,,Opel,Adam,Benzin,12156,14492,14769
1281103445,2024-11-08,2024-11-18,Kia,Sportage,Benzin,11837,18661,19485
1282847800,2024-11-12,2025-01-06,Peugeot,208,Benzin,7205,10445,10356
1282547747,2024-11-13,,Volkswagen,T-Roc,Diesel,20222,25551,25386
1283840100,2024-12-10,2024-12-14,Hyundai,i10,Benzin,8676,11074,12036
1276360620,2024-09-23,2024-12-18,BMW,2er,Benzin,7989,12533,11546
1282176023,2024-11-18,,Volkswagen,Polo,Benzin,6626,11595,13857
1282443547,2024-12-24,2024-12-31,BMW,X1,Benzin,14938,21311,22742
1278388526,2024-09-19,2024-11-29,BMW,1er,Benzin,29866,31501,32994
1282104290,2024-10-30,2024-11-09,Opel,Astra,Benzin,7924,14095,13749
1282292127,2024-11-08,,Skoda,Octavia,Diesel,12813,16672,17526
1255083295,2024-11-28,,Citroen,C3 Aircross,Benzin,8203,14072,15594
1253037265,2024-10-08,2024-12-09,Ford,C-Max,Benzin,11153,13580,13915
1274152888,2024-09-17,2024-12-05,BMW,X3,Diesel,24466,28844,27513
1267654886,2024-09-24,2024-09-26,Volvo,V60,Diesel,19198,26696,26038
1269345693,2024-10-15,2024-11-14,BMW,5er,Diesel,15575,23015,23715
1284301317,2024-12-24,,Ford,EcoSport,Benzin,11873,17065,15071
1268126095,2024-09-27,2024-10-30,Skoda,Kodiaq,Diesel,28758,33770,35006
1275611467,2024-11-28,,Volkswagen,Passat,Benzin,13816,18508,17352
1281038267,2024-10-29,2024-12-14,BMW,2er,Diesel,12396,17652,17518
1278233997,2024-12-13,,Audi,A6,Diesel,30638,35503,36234
1278295841,2024-11-15,2024-12-31,Volkswagen,Passat,Diesel,16746,20650,20693
1283277758,2024-11-27,2024-12-02,Ford,Grand C-Max,Diesel,9031,12714,13382
1278986866,2024-12-20,2024-12-27,Volkswagen,Passat,Diesel,14653,20633,19317
1278565078,2024-09-18,2024-10-11,Peugeot,2008,Benzin,7868,10816,13090
1279362063,2024-09-13,,Hyundai,Kona,Hybrid,15873,19078,19485
1273021943,2024-11-21,2024-12-03,Mazda,CX-5,Benzin,9986,12974,13014
1284289503,2024-12-13,,Smart,fortwo,Benzin,6521,12360,11617
1280076600,2024-10-15,,Volkswagen,up!,Benzin,7908,10575,9369
1280682065,2024-10-21,,Opel,Corsa,Benzin,4021,8434,9812
1272272908,2024-09-13,2024-11-15,Skoda,Karoq,Benzin,18246,18377,17301
1277733555,2024-10-16,,Peugeot,5008,Diesel,13869,18727,19095
1281329069,2024-11-01,2024-12-10,Volkswagen,Golf VII Sportsvan,Benzin,11898,17000,16694
1278878203,2024-09-16,2024-11-13,Mazda,CX-3,Benzin,13339,18480,17933
1282241183,2024-11-08,,Volkswagen,Tiguan Allspace,Diesel,20572,26393,28051
1281780346,2024-11-18,,Mitsubishi,Eclipse Cross,Benzin,10604,15949,14806
1283171866,2024-12-06,,BMW,1er,Benzin,11082,16882,17995
1279797497,2024-10-17,2024-10-23,Volkswagen,Tiguan,Diesel,11047,16505,15361
1280390096,2024-10-01,,Volkswagen,T-Roc,Benzin,28039,29679,30197
1279376410,2024-09-13,,Renault,Kadjar,Benzin,10816,14382,14757
1279815738,2024-10-24,,Volkswagen,T-Cross,Benzin,12185,17874,18174
1283151372,2024-12-05,2025-01-07,Ford,Fiesta,Benzin,9100,13228,11967
1280663861,2024-10-17,,Hyundai,i30,Benzin,9204,13316,14634
1280747685,2024-10-22,2024-12-03,Mercedes-Benz,A-Klasse,Benzin,10781,13875,14161
1281049441,2024-12-14,,Hyundai,i20,Benzin,8774,12508,11334
1280914202,2024-11-26,,Mitsubishi,Eclipse Cross,Hybrid,17843,22712,24261
1278894818,2024-10-07,2024-12-03,Volkswagen,Passat,Diesel,14921,20223,19047
1281357007,2024-10-23,,Volkswagen,Polo,Benzin,6949,10442,12159
1281714638,2024-11-28,,Smart,forfour,Benzin,8773,12601,13280
1278311762,2024-09-12,2024-10-15,MINI,MINI,Benzin,29834,33108,34239
1281330020,2024-11-04,,Hyundai,Kona,Benzin,11098,16495,17599
1283099871,2024-11-29,,Audi,A5 Sportback,Benzin,18488,25824,26611
1282729038,2024-12-02,,Ford,EcoSport,Benzin,9924,14044,13262
1278125434,2024-10-28,,Renault,Clio,Benzin,12710,14176,13915
1278182102,2024-12-18,,Mercedes-Benz,A-Klasse,Benzin,17436,24168,24500
1282024890,2024-11-08,2025-01-02,Kia,cee'd,Benzin,16530,20407,21410
1282333153,2024-12-06,,Volvo,XC60,Diesel,24971,31152,30065
1283461498,2024-12-04,,Mercedes-Benz,CLA-Klasse,Diesel,13815,17330,18488
1279327143,2024-11-13,2024-12-10,Kia,cee'd,Benzin,4748,8979,9807
1282954029,2024-11-21,,BMW,X1,Benzin,11902,17043,16816
1283227184,2024-11-29,,Volkswagen,Caddy,Diesel,17941,22657,23328
1283426810,2024-12-06,,Nissan,X-Trail,Diesel,11753,16311,16613
1280738506,2024-10-29,2024-12-30,Ford,Focus,Benzin,13498,18089,17118
1279299850,2024-10-24,,BMW,5er,Hybrid,34884,39746,38808
1284066027,2024-12-19,,Renault,Clio,Benzin,6551,8798,8591
1269326471,2024-11-10,,BMW,X1,Benzin,21420,25319,25730
1281048013,2024-10-21,,Mazda,MX-5,Benzin,19015,24089,26379
1284589721,2024-12-20,,Opel,Astra,Diesel,10052,13651,11977
1279593122,2024-09-19,2024-09-23,Citroen,C1,Benzin,6306,9678,10186
1280969076,2024-11-11,,Hyundai,i10,Benzin,6272,10033,8845
1278765679,2024-10-01,,Seat,Ibiza,Benzin,11094,11756,13399
1281682042,2024-12-04,,Mercedes-Benz,GLC-Klasse,Benzin,32699,37669,37281
1280906013,2024-10-07,2024-12-10,BMW,2er,Benzin,17303,20882,22127
1279876812,2024-09-24,2024-12-30,Renault,Clio,Benzin,7607,11713,11446
1281544263,2024-10-29,2024-12-30,Fiat,Tipo,Benzin,14485,20888,20074
1284570554,2024-12-23,,BMW,1er,Benzin,20454,26167,26554
1282456274,2024-11-18,,Opel,Mokka X,Benzin,11886,14866,14410
1281924322,2024-11-02,,Mazda,CX-5,Benzin,14149,16042,16267
1285042079,2025-01-07,,Hyundai,Kona,Benzin,11074,14929,14017
1278804875,2024-10-07,2024-12-30,Volkswagen,Golf VII Sportsvan,Benzin,11587,14923,17062
1282895372,2024-12-19,,Skoda,Superb,Diesel,15780,22942,21795
1283583286,2024-12-10,,Opel,Corsa,Benzin,4436,9761,10425
1283791169,2024-12-06,2024-12-16,Hyundai,IONIQ,Hybrid,12738,16133,18236
1256897776,2024-09-19,2024-11-16,Opel,Corsa,Benzin,4367,8580,6750
1280723911,2024-10-08,2025-01-07,Opel,Adam,Benzin,4429,9427,9841
1281033387,2024-10-24,,Mercedes-Benz,CLA-Klasse,Benzin,31952,38580,39620
1282215536,2024-11-09,2025-01-07,Ford,Kuga,Diesel,12230,15666,15005
1261810771,2024-10-15,2024-12-04,Mercedes-Benz,CLA-Klasse,Benzin,15276,20972,19379
1284178637,2024-12-14,,Volkswagen,Passat,Diesel,12073,16300,16927
1279504242,2024-09-19,2024-11-29,Nissan,Qashqai,Benzin,9610,12854,11385
1280707555,2024-10-14,2024-10-15,Opel,Zafira Tourer,Benzin,5890,12541,13146
1262697139,2024-12-05,,Ford,Kuga,Diesel,11215,15712,15481
1282976008,2024-11-28,,Kia,Picanto,Benzin,4030,8035,7559
1283344499,2024-12-05,2024-12-12,Fiat,500X,Benzin,4803,8598,10177
1279230611,2024-09-17,2024-12-09,MINI,MINI,Benzin,8476,9593,10461
1283959937,2024-12-12,,Dacia,Sandero,Benzin,6829,13427,13205
1284137965,2025-01-08,,Volkswagen,Golf VII,Benzin,11374,17090,16545
1282724265,2024-12-06,2025-01-10,Dacia,Sandero,Benzin,9941,13514,12553
1278645256,2024-10-14,2024-11-04,BMW,1er,Benzin,10849,15248,14121
1275337393,2024-10-31,2024-12-03,Opel,Corsa,Benzin,7356,12096,11386
1275861564,2024-11-19,2024-12-23,Mercedes-Benz,A-Klasse,Benzin,18681,23327,23045
1277649693,2024-10-02,2024-12-13,Cupra,Formentor,Benzin,28978,30274,30554
1283841209,2025-01-03,,BMW,4er,Benzin,19765,26804,26484
1279677140,2024-10-17,,Seat,Ateca,Benzin,15999,19383,17928
1279842246,2024-09-23,2025-01-02,Nissan,Pulsar,Benzin,9342,13147,12376
1280332258,2024-10-17,,Skoda,Octavia,Benzin,19698,24604,25139
1280802155,2024-10-30,,BMW,2er,Benzin,7879,11105,12834
1279094687,2024-09-26,,Ford,Mondeo,Hybrid,16900,19498,19731
1275747268,2024-10-17,2025-01-10,Volkswagen,Sharan,Diesel,19075,23158,24625
1279668955,2024-11-27,,MINI,Countryman,Benzin,12820,18746,18403
1282795220,2024-11-25,,Mazda,CX-3,Benzin,8884,13550,14427
1280394717,2024-10-15,,Skoda,Octavia,Benzin,16422,18455,18726
1283736636,2024-12-06,,MINI,Countryman,Hybrid,15996,21264,21337
1283588228,2024-12-13,,Fiat,Panda,Benzin,9394,12233,11853
1283988065,2024-12-20,,Renault,Talisman,Diesel,13726,16953,17391
1268786945,2024-10-02,2024-11-12,Opel,Meriva,Diesel,4663,10031,9758
1280865575,2024-10-19,,BMW,5er,Diesel,24583,28872,29152
1275939618,2024-09-17,2024-10-15,Mazda,CX-3,Benzin,10965,16278,16082
1277377624,2024-09-23,2024-10-22,Toyota,Yaris,Benzin,6797,12669,13250
1276985301,2024-09-19,,Dacia,Dokker,Benzin,9955,13702,15230
1283189716,2024-11-28,2024-12-02,Opel,Corsa,Benzin,4938,9093,8750
1282362468,2024-12-04,,Mercedes-Benz,GLA-Klasse,Benzin,14964,17565,18245
1283205878,2024-12-04,,Mercedes-Benz,GLC-Klasse,Benzin,30190,37234,36228
1283453564,2024-12-11,,BMW,1er,Diesel,10016,16660,17751
1285246869,2025-01-09,,Ford,Focus,Benzin,7249,12385,12761
1282726768,2024-11-20,,Volkswagen,T-Roc,Diesel,15955,20212,18522
1279988740,2024-10-02,2024-10-04,Seat,Alhambra,Diesel,26374,34870,34629
1278855907,2024-10-07,2024-12-30,BMW,X1,Benzin,18010,23289,22312
1280264896,2024-10-22,2024-12-03,Seat,Alhambra,Benzin,15566,21463,23296
1280961286,2024-11-22,,Nissan,Qashqai,Benzin,12136,17766,17760
1274036225,2024-11-07,2024-11-14,Hyundai,i30,Benzin,22587,28910,27746
1279649279,2024-10-21,,Volkswagen,Golf VII Sportsvan,Benzin,14247,15636,16360
1279864724,2024-12-19,,Mercedes-Benz,CLA-Klasse,Benzin,24681,32105,32392
1278538903,2024-10-17,2024-11-14,Kia,cee'd,Benzin,10183,14671,15342
1284052814,2024-12-19,,Opel,Mokka X,Benzin,12193,17683,16047
1279050871,2024-09-16,2024-10-16,Mercedes-Benz,A-Klasse,Benzin,17771,22470,21820
1279177422,2024-12-11,,Volkswagen,Arteon Shooting Brake,Diesel,25075,30838,32804
1284525362,2025-01-08,2025-01-10,Opel,Mokka,Diesel,4988,10105,11311
1279066074,2024-09-17,2024-10-10,BMW,1er,Diesel,11504,17710,17818
1280362903,2024-10-01,2024-11-22,Volkswagen,Passat,Diesel,19088,22693,24525
1280406927,2024-10-09,2024-12-30,Volkswagen,Golf VIII,Diesel,23623,27352,28571
1281366980,2024-10-28,2024-12-02,Mitsubishi,Space Star,Benzin,4981,6974,8199
1276455186,2024-11-19,,Audi,A3,Hybrid,15629,20256,19812
1279873501,2024-09-23,2024-11-02,Seat,Leon,Benzin,18938,23555,23632
1279954255,2024-09-25,2024-10-02,Toyota,C-HR,Hybrid,15597,17362,18767
1280459487,2024-12-10,,Mercedes-Benz,E-Klasse,Benzin,32572,37924,38346
1282878374,2024-11-20,,Kia,cee'd,Hybrid,13210,20978,21403
1276988023,2024-10-01,2024-12-07,Nissan,Qashqai,Benzin,8375,12238,11407
1282043297,2024-11-09,,Volkswagen,Tiguan,Benzin,17141,21820,20500
1282906157,2024-11-19,2024-12-13,Opel,Karl,Benzin,4822,8039,8595
1283088435,2024-12-06,,Volkswagen,Golf VII,Benzin,7700,11861,12450
1283645880,2024-12-06,,Volkswagen,Polo,Benzin,12582,17193,17456
1283472517,2024-12-31,,Smart,fortwo,Benzin,6663,13120,11985
1283397916,2024-12-06,,Mercedes-Benz,C-Klasse,Diesel,29934,35592,35693
1249046043,2024-11-15,,Audi,TTS,Benzin,27400,33002,34247
1279191668,2024-10-05,,Skoda,Octavia,Benzin,10586,14874,14779
1279797983,2024-09-25,2024-11-22,Mercedes-Benz,E-Klasse,Diesel,23530,26760,27141
1281754888,2024-11-05,,Smart,fortwo,Benzin,8672,10031,9579
1282998397,2024-12-12,,Skoda,Karoq,Benzin,13070,17626,17175
1283436220,2024-12-04,,Volkswagen,Touran,Benzin,13828,20434,21961
1283500403,2024-12-13,,Renault,Clio,Benzin,11406,14902,15875
1260823690,2024-10-07,,Volkswagen,T6 Multivan,Diesel,36038,39651,40473
1279416689,2024-10-18,2024-11-25,Nissan,Pulsar,Benzin,5274,10004,10416
1237218825,2024-12-18,,Audi,A4,Diesel,16171,24150,24346
1266968605,2024-09-17,2024-11-29,Volvo,V90,Hybrid,33612,36380,36084
1278547179,2024-09-13,2024-11-30,Kia,Niro,Hybrid,13161,13544,14187
1278949003,2024-10-14,,Opel,Mokka X,Benzin,10813,15202,15740
1277634628,2024-11-26,,Ford,Focus,Benzin,18963,25284,26579
1278044048,2024-11-08,2024-11-11,Opel,Corsa,Benzin,8462,13050,13969
1278301365,2024-09-12,2024-11-11,Audi,Q5,Diesel,27856,34392,35061
1283499701,2024-12-13,,Volkswagen,Caddy,Benzin,24612,29633,30400
1278720153,2024-09-19,2024-10-22,Skoda,Fabia,Benzin,10140,16312,16882
1272505411,2024-11-01,,Volkswagen,T-Roc,Diesel,19767,21918,23692
1279658241,2024-09-25,,Skoda,Rapid Spaceback,Benzin,8103,10830,11125
1277365207,2024-12-23,,Volkswagen,T-Cross,Benzin,14573,18566,20021
1274500308,2024-11-09,,Volkswagen,Golf VII,Diesel,10935,14031,14649
1280481458,2024-10-16,,Smart,forfour,Benzin,2816,8016,6724
1279758447,2024-10-22,,Mercedes-Benz,CLA-Klasse,Benzin,27542,33445,31600
1281517152,2024-12-12,,Dacia,Duster,Benzin,7416,13143,12147
1282158380,2024-12-06,2024-12-10,Fiat,500,Benzin,5831,9349,8256
1278357699,2024-09-27,2025-01-03,Skoda,Superb,Diesel,15243,19706,19915
1281378783,2024-10-17,,MINI,MINI,Diesel,7866,11432,11603
1280169518,2024-10-07,,Mercedes-Benz,CLA-Klasse,Benzin,19623,24169,25162
1283576053,2024-12-13,,Skoda,Fabia,Benzin,6825,12787,12146
1280245978,2024-09-25,2024-10-21,Volkswagen,Golf VII,Benzin,15183,19178,19111
1280519114,2024-11-13,,Volkswagen,T-Cross,Benzin,17993,20974,21767
1278203413,2024-09-17,,Land Rover,Range Rover Sport,Diesel,29645,34388,33446
1280455978,2024-10-07,,Volkswagen,Golf VII Sportsvan,Diesel,15416,16772,17713
1276756751,2024-10-02,2024-11-06,Volkswagen,Golf VII,Diesel,15389,18371,19354
1281347104,2024-10-18,2024-10-26,Volkswagen,Taigo,Benzin,17123,22218,23508
1280743440,2024-10-21,,Smart,forfour,Benzin,4645,8067,8075
1282303490,2024-11-18,2025-01-06,Hyundai,Tucson,Benzin,10449,18240,17562
1271051536,2024-12-13,2024-12-23,Citroen,C3,Diesel,2992,9100,9638
1281258889,2024-11-05,,Mercedes-Benz,GLC-Klasse,Diesel,32117,35246,34477
1278505136,2024-09-12,2024-10-18,Volkswagen,Polo,Benzin,9144,12212,13806
1277237247,2024-09-27,2024-12-11,Opel,Mokka X,Benzin,9833,12013,12834
1284014567,2024-12-24,,Volkswagen,Golf VII Sportsvan,Benzin,15693,20209,19506
1277621751,2025-01-02,,Suzuki,Swift,Benzin,13935,17853,16290
1279089579,2024-09-19,2024-11-21,MINI,Clubman,Benzin,27670,31940,32802
1280932261,2024-10-16,2024-11-04,Nissan,Micra,Benzin,3807,8676,10036
1283564510,2024-12-12,,Fiat,500,Benzin,7897,11388,12140
1279938153,2024-10-09,2024-10-14,Mitsubishi,Space Star,Benzin,8070,9576,
1283215230,2024-12-10,,Hyundai,i30,Benzin,5277,8734,8228
1283382415,2025-01-02,,Renault,Captur,Benzin,9969,16544,15841
1278896404,2024-10-08,,Volkswagen,T6 Multivan,Diesel,34426,36740,38404
1278680311,2024-10-01,2024-10-24,Ford,S-Max,Diesel,14683,22130,22408
1284174304,2024-12-17,,Hyundai,i30,Diesel,8159,13144,14047
1274271410,2024-11-16,,Volkswagen,Tiguan,Diesel,18911,23951,24753
1282258559,2024-12-02,,Volkswagen,Caddy,Benzin,11081,16120,16526
1281406850,2024-10-28,2024-12-19,Mercedes-Benz,E-Klasse,Benzin,17545,23677,23375
1280934031,2024-12-02,,Renault,Kadjar,Benzin,9463,15006,13743
1280190171,2024-12-10,,Renault,Kadjar,Benzin,5896,10346,10413
1269375263,2025-01-08,2025-01-10,Mercedes-Benz,A-Klasse,Benzin,11890,16844,18964
1281178520,2024-11-05,,Opel,Corsa,Benzin,6896,9592,9655
1281914595,2024-11-15,2024-12-23,Mazda,CX-5,Diesel,18956,24812,25303
1281390053,2024-12-24,,Mazda,CX-5,Benzin,12621,18974,18636
1284535264,2025-01-08,,Smart,fortwo,Benzin,9490,13963,14805
1282152134,2024-11-08,2024-11-16,Skoda,Citigo,Benzin,3293,8121,9420
1282097561,2024-11-22,,Mercedes-Benz,GLA-Klasse,Benzin,13606,21151,21462
1283691386,2025-01-03,,Volkswagen,Tiguan,Diesel,15977,22878,22490
1279098405,2024-09-24,,Mercedes-Benz,E-Klasse,Diesel,27611,31612,30990
1282778585,2024-11-16,,Volkswagen,Polo,Benzin,8454,10498,10892
1283427265,2024-12-13,2024-12-24,Peugeot,Partner,Diesel,10313,14685,15999
1282981132,2024-11-19,,BMW,X1,Benzin,17946,20845,21195
1283678592,2024-12-13,,Opel,Insignia Sports Tourer,Diesel,13785,17910,18939
1276243949,2024-12-04,,Mercedes-Benz,GLA-Klasse,Benzin,19993,24075,25945